{"cameraMode":{"drawMode":0,"name":"Shaded","section":"Shading Mode"},"sceneLighting":true,"audioPlay":false,"sceneViewState":{"m_AlwaysRefresh":false,"showFog":true,"showSkybox":true,"showFlares":true,"showImageEffects":true,"showParticleSystems":true,"showVisualEffectGraphs":true,"m_FxEnabled":true},"in2DMode":false,"pivot":{"x":628.1092529296875,"y":898.8781127929688,"z":226.35768127441407},"rotation":{"x":-0.009308427572250367,"y":-0.015586957335472107,"z":0.00015724381955806166,"w":-0.9998540282249451},"size":378.0446472167969,"orthographic":false}